feature_id,scope,spec,commands,queries_or_surface,tables,acceptance_ids,definition_status,implementation_status,design_followup,review_notes,coverage,system_tables
WS-01,"Preserved wordmark shape with approved blue colour; business identity; Dispatch, Drivers, History and Settings navigation.",product/P01-PRODUCT-TENANCY-AND-AUTHORITY.md,,UI,,QA-WS-01,specified,Not certified by this specification revision,,Retained requirement; review alongside governing contract,Written requirement plus linked journey where applicable; no runtime certification,
WS-02,"City selection with independent local orders, fleet, pickups, date, drafts and filters; suppress needless one-city choice.",product/P01-PRODUCT-TENANCY-AND-AUTHORITY.md,,UI,,QA-WS-02,specified,Not certified by this specification revision,,Retained requirement; review alongside governing contract,Written requirement plus linked journey where applicable; no runtime certification,
WS-03,Optional City / Intercity board navigation; disabling Intercity preserves city operations and existing evidence.,product/P13-SETTINGS-POLICY-AND-ADMINISTRATION.md,SetFeature,,tenants,QA-WS-03,specified,Not certified by this specification revision,,Retained requirement; review alongside governing contract,Written requirement plus linked journey where applicable; no runtime certification,command_receipts; domain_events; outbox_events; consumer_receipts
WS-04,"Now / Plan operating modes, explicit service date and contextual counts.",product/P01-PRODUCT-TENANCY-AND-AUTHORITY.md,,UI,,QA-WS-04,specified,Not certified by this specification revision,,Retained requirement; review alongside governing contract,Written requirement plus linked journey where applicable; no runtime certification,
WS-05,"Dominant map, delivery rail, contextual detail, expandable timeline; no permanent prototype/footer field wasting board height.",product/P01-PRODUCT-TENANCY-AND-AUTHORITY.md,,UI,,QA-WS-05,specified,Not certified by this specification revision,,Retained requirement; review alongside governing contract,Written requirement plus linked journey where applicable; no runtime certification,
WS-06,"Business brands/offices/pickups, city membership, feature access and country configuration.",product/P01-PRODUCT-TENANCY-AND-AUTHORITY.md,SaveBrand; SaveSite; SaveCity,,brands; cities; sites,QA-WS-06,specified,Not certified by this specification revision,,Retained requirement; review alongside governing contract,Written requirement plus linked journey where applicable; no runtime certification,command_receipts; domain_events; outbox_events; consumer_receipts
WS-07,"Keyboard access, visible focus, Escape/close, focus return, unsaved draft protection, reduced motion and readable touch controls.",product/P01-PRODUCT-TENANCY-AND-AUTHORITY.md,,UI,,QA-WS-07;QA-V21-IPAD-ROTATION,specified,Not certified by this specification revision,,V2.1 recovered-detail or defect case linked,Written requirement plus linked journey where applicable; no runtime certification,
WS-08,"Tenant isolation for all deliveries, media, history, chats, configuration and address knowledge.",product/P01-PRODUCT-TENANCY-AND-AUTHORITY.md,,GetDelivery,,QA-WS-08;QA-SYSTEM-RLS-CROSS-TENANT,specified,Not certified by this specification revision,,Retained requirement; review alongside governing contract,Written requirement plus linked journey where applicable; no runtime certification,
IN-01,Plus / Add Delivery immediately opens manual fields; optional paste/drop fills those same fields.,product/P02-DELIVERY-INTAKE-AND-ADDRESS-REVIEW.md,SaveDeliveryDraft,,intake_drafts,QA-IN-01,specified,Not certified by this specification revision,,Retained requirement; review alongside governing contract,Written requirement plus linked journey where applicable; no runtime certification,command_receipts; domain_events; outbox_events; consumer_receipts
IN-02,"Recipient, contact, buyer where different, address, service date/window, pickup, items/quantities, handling, preparation and notes.",product/P02-DELIVERY-INTAKE-AND-ADDRESS-REVIEW.md,SaveDeliveryDraft,,intake_drafts,QA-IN-02,specified,Not certified by this specification revision,,Retained requirement; review alongside governing contract,Written requirement plus linked journey where applicable; no runtime certification,command_receipts; domain_events; outbox_events; consumer_receipts
IN-03,"Paste chat/order text, clipboard image and drag/drop screenshots; keep original source attached to the draft/delivery.",product/P02-DELIVERY-INTAKE-AND-ADDRESS-REVIEW.md,CreateIntakeBatch,,intake_batches,QA-IN-03,specified,Not certified by this specification revision,,Retained requirement; review alongside governing contract,Written requirement plus linked journey where applicable; no runtime certification,command_receipts; domain_events; outbox_events; consumer_receipts
IN-04,"Thai/English image text reading with processing progress, failure recovery and manual correction.",product/P02-DELIVERY-INTAKE-AND-ADDRESS-REVIEW.md,ExtractDraft,,intake_drafts,QA-IN-04,specified,Not certified by this specification revision,,Retained requirement; review alongside governing contract,Written requirement plus linked journey where applicable; no runtime certification,command_receipts; domain_events; outbox_events; consumer_receipts
IN-05,"Optional authenticated AI extraction adapter; uncertain fields remain editable; preserve source, original and suggested address.",product/P02-DELIVERY-INTAKE-AND-ADDRESS-REVIEW.md,ExtractDraft; ReviewAddress,,intake_drafts,QA-IN-05,specified,Not certified by this specification revision,,Retained requirement; review alongside governing contract,Written requirement plus linked journey where applicable; no runtime certification,command_receipts; domain_events; outbox_events; consumer_receipts
IN-06,Multiple deliveries from a source; review/select/remove drafts; validate phone/date/window/cargo; duplicate warning and explicit resolution.,product/P02-DELIVERY-INTAKE-AND-ADDRESS-REVIEW.md,CommitIntakeBatch,,intake_batches,QA-IN-06,specified,Not certified by this specification revision,,Retained requirement; review alongside governing contract,Written requirement plus linked journey where applicable; no runtime certification,command_receipts; domain_events; outbox_events; consumer_receipts
IN-07,PDF and CSV import through the same intake/review contract.,product/P02-DELIVERY-INTAKE-AND-ADDRESS-REVIEW.md,CreateIntakeBatch,,intake_batches,QA-IN-07,specified,Not certified by this specification revision,,Retained requirement; review alongside governing contract,Written requirement plus linked journey where applicable; no runtime certification,command_receipts; domain_events; outbox_events; consumer_receipts
IN-08,"Intake settings for city/pickup, windows, country/phone handling, preparation defaults and remembered addresses.",product/P13-SETTINGS-POLICY-AND-ADMINISTRATION.md,SavePolicy,,policy_bindings,QA-IN-08,specified,Not certified by this specification revision,,Retained requirement; review alongside governing contract,Written requirement plus linked journey where applicable; no runtime certification,command_receipts; domain_events; outbox_events; consumer_receipts
IN-09,Commit reviewed orders into Ready/Unplanned or an explicit address/preparation hold without dispatching drivers.,product/P02-DELIVERY-INTAKE-AND-ADDRESS-REVIEW.md,CommitDelivery,,intake_drafts,QA-IN-09;QA-SYSTEM-LAST-SLOT;QA-V21-RESULT-FINITE,specified,Not certified by this specification revision,,V2.1 recovered-detail or defect case linked,Written requirement plus linked journey where applicable; no runtime certification,command_receipts; domain_events; outbox_events; consumer_receipts
IN-10,Preserve existing manual input when autofill arrives; retain incomplete source on read failure; prevent wrong-city draft contamination.,product/P02-DELIVERY-INTAKE-AND-ADDRESS-REVIEW.md,SaveDeliveryDraft,,intake_drafts,QA-IN-10,specified,Not certified by this specification revision,,Retained requirement; review alongside governing contract,Written requirement plus linked journey where applicable; no runtime certification,command_receipts; domain_events; outbox_events; consumer_receipts
IN-11,Document upload/draft limits and timeouts as configurable operational limits.,product/P13-SETTINGS-POLICY-AND-ADMINISTRATION.md,SavePolicy,,policy_bindings,QA-IN-11,specified,Not certified by this specification revision,,Retained requirement; review alongside governing contract,Written requirement plus linked journey where applicable; no runtime certification,command_receipts; domain_events; outbox_events; consumer_receipts
AD-01,"Address suggestions, business matches, manual map pin/coordinates and explicit location confirmation.",product/P02-DELIVERY-INTAKE-AND-ADDRESS-REVIEW.md,ReviewAddress,,intake_drafts,QA-AD-01,specified,Not certified by this specification revision,,Retained requirement; review alongside governing contract,Written requirement plus linked journey where applicable; no runtime certification,command_receipts; domain_events; outbox_events; consumer_receipts
AD-02,"AI correction card: Original / Suggested, changed text, reason, source and review checkbox; confirm, edit or keep original.",product/P02-DELIVERY-INTAKE-AND-ADDRESS-REVIEW.md,ReviewAddress,,intake_drafts,QA-AD-02,specified,Not certified by this specification revision,,Retained requirement; review alongside governing contract,Written requirement plus linked journey where applicable; no runtime certification,command_receipts; domain_events; outbox_events; consumer_receipts
AD-03,"Pending correction blocks assignment, plan release, broadcast and intercity manifest eligibility; correcting text invalidates old pin.",product/P07-FREELANCE-BROADCAST-ACCEPTANCE-AND-CHANGES.md,StartBroadcast; ReleasePlan,,broadcasts; plans,QA-AD-03,specified,Not certified by this specification revision,,Retained requirement; review alongside governing contract,Written requirement plus linked journey where applicable; no runtime certification,command_receipts; domain_events; outbox_events; consumer_receipts
AD-04,"Preserve house/building, soi, district, province, postcode, floor and unit; show conflicts for review rather than inventing values.",product/P02-DELIVERY-INTAKE-AND-ADDRESS-REVIEW.md,ReviewAddress,,intake_drafts,QA-AD-04,specified,Not certified by this specification revision,,Retained requirement; review alongside governing contract,Written requirement plus linked journey where applicable; no runtime certification,command_receipts; domain_events; outbox_events; consumer_receipts
AD-05,"Entrance panel with recipient/location, verification state, access and handoff notes; edit pin and notes together where allowed.",product/P10-MAPS-NAVIGATION-AND-LOCATION-KNOWLEDGE.md,ConfirmEntrance,,entrances,QA-AD-05,specified,Not certified by this specification revision,,Retained requirement; review alongside governing contract,Written requirement plus linked journey where applicable; no runtime certification,command_receipts; domain_events; outbox_events; consumer_receipts
AD-06,"Dedicated Google Street View surface with same target, return, previous/next target, external fallback and connection settings.",product/P02-DELIVERY-INTAKE-AND-ADDRESS-REVIEW.md,,UI,,QA-AD-06,specified,Not certified by this specification revision,,Retained requirement; review alongside governing contract,Written requirement plus linked journey where applicable; no runtime certification,
AD-07,"Street View loading, slow response, offline, retry, missing pin/key and stale-target protection.",product/P02-DELIVERY-INTAKE-AND-ADDRESS-REVIEW.md,,UI,,QA-AD-07,specified,Not certified by this specification revision,,Retained requirement; review alongside governing contract,Written requirement plus linked journey where applicable; no runtime certification,
AD-08,Remembered exact address matches scoped to business.,product/P02-DELIVERY-INTAKE-AND-ADDRESS-REVIEW.md,,GetEntrance,,QA-AD-08,specified,Not certified by this specification revision,,Retained requirement; review alongside governing contract,Written requirement plus linked journey where applicable; no runtime certification,
AD-09,"Reusable confirmed entrance record with access/parking/handoff notes, source, confirmer/date and revision; offer Use saved entrance / Review and edit.",product/P10-MAPS-NAVIGATION-AND-LOCATION-KNOWLEDGE.md,ConfirmEntrance; ApplyEntrance,,deliveries; entrances,QA-AD-09;QA-V21-ENTRANCE-CAUSE,specified,Not certified by this specification revision,,V2.1 recovered-detail or defect case linked,Written requirement plus linked journey where applicable; no runtime certification,command_receipts; domain_events; outbox_events; consumer_receipts
AD-10,Correct or retire saved entrance information; preserve history and unit-specific delivery details; uncertain matches never silently auto-apply.,product/P10-MAPS-NAVIGATION-AND-LOCATION-KNOWLEDGE.md,RetireEntrance,,entrances,QA-AD-10,specified,Not certified by this specification revision,,Retained requirement; review alongside governing contract,Written requirement plus linked journey where applicable; no runtime certification,command_receipts; domain_events; outbox_events; consumer_receipts
AD-11,Driver wrong-address evidence and successful delivery feedback inform reviewable entrance knowledge.,product/P10-MAPS-NAVIGATION-AND-LOCATION-KNOWLEDGE.md,ReportLocationObservation,,location_observations,QA-AD-11,specified,Not certified by this specification revision,,Retained requirement; review alongside governing contract,Written requirement plus linked journey where applicable; no runtime certification,command_receipts; domain_events; outbox_events; consumer_receipts
AD-12,"Group several recipients at a building into one physical visit while preserving individual promises, manifests and proof.",product/P02-DELIVERY-INTAKE-AND-ADDRESS-REVIEW.md,,Deferred,,QA-AD-12,deferred,Not certified by this specification revision,,Retained requirement; review alongside governing contract,Written requirement plus linked journey where applicable; no runtime certification,
DI-01,"Action, Ready, on-road/live and completed delivery views with search, window/brand filters, priority and honest counts.",product/P05-EXECUTION-CUSTODY-PROOF-AND-EXCEPTIONS.md,,GetBoard,,QA-DI-01,specified,Not certified by this specification revision,,Retained requirement; review alongside governing contract,Written requirement plus linked journey where applicable; no runtime certification,
DI-02,"Delivery detail shows items, promise, preparation, assignment, source, journey, issue, next action and evidence links.",product/P05-EXECUTION-CUSTODY-PROOF-AND-EXCEPTIONS.md,,GetDelivery,,QA-DI-02;QA-SYSTEM-QUERY-CLOSURE,specified,Not certified by this specification revision,,Retained requirement; review alongside governing contract,Written requirement plus linked journey where applicable; no runtime certification,
DI-03,"Resolve missing pin, approval, preparation and recipient issues from their delivery context.",product/P05-EXECUTION-CUSTODY-PROOF-AND-EXCEPTIONS.md,ResolveIssue,,issues,QA-DI-03,specified,Not certified by this specification revision,,Retained requirement; review alongside governing contract,Written requirement plus linked journey where applicable; no runtime certification,command_receipts; domain_events; outbox_events; consumer_receipts
DI-04,Preparation/packing checklist before pickup; shared structured item lines and quantities.,product/P02-DELIVERY-INTAKE-AND-ADDRESS-REVIEW.md,SetPickupReadiness; ConfirmPickup,,deliveries; manifests,QA-DI-04,specified,Not certified by this specification revision,,Retained requirement; review alongside governing contract,Written requirement plus linked journey where applicable; no runtime certification,command_receipts; domain_events; outbox_events; consumer_receipts
DI-05,"Release own-driver work; observe acknowledgement/decline; start, load, depart, progress, return and reload.",product/P04-PLANNING-ROUTING-AND-TEAM-RELEASE.md,ReleasePlan; AcknowledgeAssignment,,assignments; plans,QA-DI-05,specified,Not certified by this specification revision,,Retained requirement; review alongside governing contract,Written requirement plus linked journey where applicable; no runtime certification,command_receipts; domain_events; outbox_events; consumer_receipts
DI-06,"Current stop, next stop, arrival, promise risk, remaining route and driver free-after estimate.",product/P05-EXECUTION-CUSTODY-PROOF-AND-EXCEPTIONS.md,,GetDriverRound,,QA-DI-06,specified,Not certified by this specification revision,,Retained requirement; review alongside governing contract,Written requirement plus linked journey where applicable; no runtime certification,
DI-07,"Failures, retry, reschedule, cancellation, return and receipt keep previous attempts and custody evidence.",product/P05-EXECUTION-CUSTODY-PROOF-AND-EXCEPTIONS.md,RescheduleDelivery,,deliveries,QA-DI-07;QA-SYSTEM-RETURN-PARTIAL,specified,Not certified by this specification revision,,Retained requirement; review alongside governing contract,Written requirement plus linked journey where applicable; no runtime certification,command_receipts; domain_events; outbox_events; consumer_receipts
DI-08,"Own-driver live reassignment/transfer with feasibility, pending response, source preservation and explicit custody.",product/P04-PLANNING-ROUTING-AND-TEAM-RELEASE.md,ReassignRound; ConfirmTransferReceipt,,custody_transfers; rounds,QA-DI-08;QA-SYSTEM-TRANSFER-ACTOR,specified,Not certified by this specification revision,Required interaction follow-through,Retained requirement; review alongside governing contract,Written requirement plus linked journey where applicable; no runtime certification,command_receipts; domain_events; outbox_events; consumer_receipts
DI-09,Edit live destination/pin/window/instructions after pickup with impact review and driver acknowledgement.,product/P07-FREELANCE-BROADCAST-ACCEPTANCE-AND-CHANGES.md,ProposeChange,,rounds,QA-DI-09,specified,Not certified by this specification revision,,Retained requirement; review alongside governing contract,Written requirement plus linked journey where applicable; no runtime certification,command_receipts; domain_events; outbox_events; consumer_receipts
DI-10,"Protected collected manifests; no removal, cancellation or assignment change makes physical parcels disappear.",product/P05-EXECUTION-CUSTODY-PROOF-AND-EXCEPTIONS.md,CancelDelivery,,deliveries,QA-DI-10;QA-SYSTEM-SEALED-MANIFEST,specified,Not certified by this specification revision,,Retained requirement; review alongside governing contract,Written requirement plus linked journey where applicable; no runtime certification,command_receipts; domain_events; outbox_events; consumer_receipts
DI-11,"Keep resolved/completed work and historical references when a plan, source, driver or optional feature changes.",product/P06-DRIVER-IDENTITY-FLEET-AND-WORK-MODES.md,ArchiveFleetResource,,vehicles,QA-DI-11,specified,Not certified by this specification revision,,Retained requirement; review alongside governing contract,Written requirement plus linked journey where applicable; no runtime certification,command_receipts; domain_events; outbox_events; consumer_receipts
PL-01,"Date-specific Unplanned pool, map and driver lanes with sequential Rounds, stop cards and selected-route detail.",product/P04-PLANNING-ROUTING-AND-TEAM-RELEASE.md,GeneratePlan,,plans,QA-PL-01;QA-V21-TRUCK-REALLOCATION,specified,Not certified by this specification revision,Required interaction follow-through,V2.1 recovered-detail or defect case linked,Written requirement plus linked journey where applicable; no runtime certification,command_receipts; domain_events; outbox_events; consumer_receipts
PL-02,"Plan remaining / generate proposal; show coverage, unplanned work and constraints; operator reviews before release.",product/P04-PLANNING-ROUTING-AND-TEAM-RELEASE.md,GeneratePlan,,plans,QA-PL-02,specified,Not certified by this specification revision,,Retained requirement; review alongside governing contract,Written requirement plus linked journey where applicable; no runtime certification,command_receipts; domain_events; outbox_events; consumer_receipts
PL-03,"Create/edit a Round, departure, pickup, driver, vehicle, delivery window and service time.",product/P04-PLANNING-ROUTING-AND-TEAM-RELEASE.md,"SaveRound,SaveStopPlanningFields,PreviewPlanMove,ApplyPlanProposal",,plans,QA-PL-03,specified,Not certified by this specification revision,,Retained requirement; review alongside governing contract,Written requirement plus linked journey where applicable; no runtime certification,command_receipts; domain_events; outbox_events; consumer_receipts
PL-04,Drag a whole Round between drivers/times; transfer a stop between Rounds; insert/reorder or return to Unplanned.,product/P04-PLANNING-ROUTING-AND-TEAM-RELEASE.md,PreviewPlanMove; ApplyPlanProposal,,plans,QA-PL-04,specified,Not certified by this specification revision,,Retained requirement; review alongside governing contract,Written requirement plus linked journey where applicable; no runtime certification,command_receipts; domain_events; outbox_events; consumer_receipts
PL-05,"Timeline scale/zoom, stop tooltip/detail, fit Round, return/reload gaps and visible shift boundaries.",product/P04-PLANNING-ROUTING-AND-TEAM-RELEASE.md,,UI,,QA-PL-05,specified,Not certified by this specification revision,,Retained requirement; review alongside governing contract,Written requirement plus linked journey where applicable; no runtime certification,
PL-06,"Vehicle max stops, cargo-class quantities, overall cargo, special handling, shift, overlap and pickup-transfer checks.",product/P04-PLANNING-ROUTING-AND-TEAM-RELEASE.md,ApplyPlanProposal,,plans,QA-PL-06,specified,Not certified by this specification revision,,Retained requirement; review alongside governing contract,Written requirement plus linked journey where applicable; no runtime certification,command_receipts; domain_events; outbox_events; consumer_receipts
PL-07,Capacity is per departure; repeat Rounds after travel back and reload; include that time in next availability.,product/P04-PLANNING-ROUTING-AND-TEAM-RELEASE.md,GeneratePlan,,plans,QA-PL-07;QA-V21-CAPACITY-READOUT,specified,Not certified by this specification revision,,V2.1 recovered-detail or defect case linked,Written requirement plus linked journey where applicable; no runtime certification,command_receipts; domain_events; outbox_events; consumer_receipts
PL-08,Route-improvement comparison and selected route geometry; apply only a chosen proposal.,product/P04-PLANNING-ROUTING-AND-TEAM-RELEASE.md,PreviewPlanMove,,plans,QA-PL-08,specified,Not certified by this specification revision,,Retained requirement; review alongside governing contract,Written requirement plus linked journey where applicable; no runtime certification,command_receipts; domain_events; outbox_events; consumer_receipts
PL-09,"Before/after move review: affected drivers, loads, return/free times, arrival changes, late minutes and conflicts.",product/P04-PLANNING-ROUTING-AND-TEAM-RELEASE.md,PreviewPlanMove,,plans,QA-PL-09,specified,Not certified by this specification revision,,Retained requirement; review alongside governing contract,Written requirement plus linked journey where applicable; no runtime certification,command_receipts; domain_events; outbox_events; consumer_receipts
PL-10,Keep current / Recheck / Apply; unavailable routing blocks comparison apply; stale inputs invalidate proposal; apply atomically.,product/P04-PLANNING-ROUTING-AND-TEAM-RELEASE.md,ApplyPlanProposal,,plans,QA-PL-10,specified,Not certified by this specification revision,,Retained requirement; review alongside governing contract,Written requirement plus linked journey where applicable; no runtime certification,command_receipts; domain_events; outbox_events; consumer_receipts
PL-11,Timing policy warns with explicit override or blocks; physical incompatibility remains blocking.,product/P04-PLANNING-ROUTING-AND-TEAM-RELEASE.md,ApplyPlanProposal,,plans,QA-PL-11,specified,Not certified by this specification revision,,Retained requirement; review alongside governing contract,Written requirement plus linked journey where applicable; no runtime certification,command_receipts; domain_events; outbox_events; consumer_receipts
PL-12,"Save draft, explicit release review, uncovered-work acknowledgement, released snapshots and driver response state.",product/P04-PLANNING-ROUTING-AND-TEAM-RELEASE.md,StagePlan; ReleasePlan,,plans,QA-PL-12;QA-SYSTEM-PREARRIVAL,specified,Not certified by this specification revision,Required interaction follow-through,Retained requirement; review alongside governing contract,Written requirement plus linked journey where applicable; no runtime certification,command_receipts; domain_events; outbox_events; consumer_receipts
PL-13,Add later work through incremental releases while protecting already started/released Rounds.,product/P04-PLANNING-ROUTING-AND-TEAM-RELEASE.md,ReleasePlan,,plans,QA-PL-13,specified,Not certified by this specification revision,,Retained requirement; review alongside governing contract,Written requirement plus linked journey where applicable; no runtime certification,command_receipts; domain_events; outbox_events; consumer_receipts
PL-14,"Full recurring schedules, date exceptions, special days and overnight operating-day model.",product/P04-PLANNING-ROUTING-AND-TEAM-RELEASE.md,SaveShiftTemplate; SetShiftOccurrence,,shift_occurrences; shift_templates,QA-PL-14;QA-SYSTEM-DST,specified,Not certified by this specification revision,,Retained requirement; review alongside governing contract,Written requirement plus linked journey where applicable; no runtime certification,command_receipts; domain_events; outbox_events; consumer_receipts
FL-01,"City fleet directory, search, driver details/contact, current/upcoming Rounds and date-scoped work.",product/P06-DRIVER-IDENTITY-FLEET-AND-WORK-MODES.md,,GetDrivers,,QA-FL-01;QA-V21-DRIVER-VISIBILITY,specified,Not certified by this specification revision,,V2.1 recovered-detail or defect case linked,Written requirement plus linked journey where applicable; no runtime certification,
FL-02,"Add/edit drivers, default weekdays/hours/vehicle, shift-specific edits, archive/restore with outstanding-work protection.",product/P06-DRIVER-IDENTITY-FLEET-AND-WORK-MODES.md,SaveDriverRelationship; SetShiftOccurrence,,driver_relationships; shift_occurrences,QA-FL-02,specified,Not certified by this specification revision,,Retained requirement; review alongside governing contract,Written requirement plus linked journey where applicable; no runtime certification,command_receipts; domain_events; outbox_events; consumer_receipts
FL-03,"Available, off shift, unavailable, loading, on Round, returning/reloading and projected free-after.",product/P06-DRIVER-IDENTITY-FLEET-AND-WORK-MODES.md,SetShiftAvailability,,shift_occurrences,QA-FL-03,specified,Not certified by this specification revision,,Retained requirement; review alongside governing contract,Written requirement plus linked journey where applicable; no runtime certification,command_receipts; domain_events; outbox_events; consumer_receipts
FL-04,"Add/edit vehicles, profile, capacity overrides, in-service/unavailable and affected-work warnings.",product/P06-DRIVER-IDENTITY-FLEET-AND-WORK-MODES.md,SaveVehicle; BindShiftVehicle,,shift_occurrences; vehicles,QA-FL-04;QA-V21-VEHICLE-OVERLAP,specified,Not certified by this specification revision,,V2.1 recovered-detail or defect case linked,Written requirement plus linked journey where applicable; no runtime certification,command_receipts; domain_events; outbox_events; consumer_receipts
FL-05,"Bike, car, van and tuk-tuk profiles; reusable cargo/handling and stop limits.",product/P04-PLANNING-ROUTING-AND-TEAM-RELEASE.md,SaveVehicleProfile,,vehicle_profiles,QA-FL-05,specified,Not certified by this specification revision,,Retained requirement; review alongside governing contract,Written requirement plus linked journey where applicable; no runtime certification,command_receipts; domain_events; outbox_events; consumer_receipts
FL-06,"Additional vehicle types, including intercity trucks, without florist-specific assumptions.",product/P04-PLANNING-ROUTING-AND-TEAM-RELEASE.md,SaveVehicleProfile,,vehicle_profiles,QA-FL-06,specified,Not certified by this specification revision,,V2.1 recovered-detail or defect case linked,Written requirement plus linked journey where applicable; no runtime certification,command_receipts; domain_events; outbox_events; consumer_receipts
FL-07,Team assignment versus freelance open-for-work relationship; any legacy Partner category must not bypass freelancer consent.,product/P06-DRIVER-IDENTITY-FLEET-AND-WORK-MODES.md,SetAvailability,,drivers,QA-FL-07,specified,Not certified by this specification revision,,Retained requirement; review alongside governing contract,Written requirement plus linked journey where applicable; no runtime certification,command_receipts; domain_events; outbox_events; consumer_receipts
FL-08,"Known/preferred freelancer directory, structured Ask availability and opt-in pre-job relationship contact.",product/P06-DRIVER-IDENTITY-FLEET-AND-WORK-MODES.md,AskAvailability; SetContactPermissions,,driver_relationships,QA-FL-08;QA-V21-LATER-AVAILABILITY,specified,Not certified by this specification revision,,Retained requirement; review alongside governing contract,Written requirement plus linked journey where applicable; no runtime certification,command_receipts; domain_events; outbox_events; consumer_receipts
BC-01,"Operator opens composer from delivery/Round or Broadcasts; explicitly starts search whenever needed, independent of own capacity.",product/P07-FREELANCE-BROADCAST-ACCEPTANCE-AND-CHANGES.md,StartBroadcast,,broadcasts,QA-BC-01,specified,Not certified by this specification revision,,Retained requirement; review alongside governing contract,Written requirement plus linked journey where applicable; no runtime certification,command_receipts; domain_events; outbox_events; consumer_receipts
BC-02,"Single-delivery or multi-stop Round offer with pickup-ready time, city/date, scope, windows, vehicle, load and guaranteed total fare.",product/P07-FREELANCE-BROADCAST-ACCEPTANCE-AND-CHANGES.md,StartBroadcast,,broadcasts,QA-BC-02,specified,Not certified by this specification revision,,Retained requirement; review alongside governing contract,Written requirement plus linked journey where applicable; no runtime certification,command_receipts; domain_events; outbox_events; consumer_receipts
BC-03,"Nearest-first widening areas, configurable radii/response periods, visible wave and countdown.",product/P07-FREELANCE-BROADCAST-ACCEPTANCE-AND-CHANGES.md,ExpandBroadcast,,broadcasts,QA-BC-03,specified,Not certified by this specification revision,,Retained requirement; review alongside governing contract,Written requirement plus linked journey where applicable; no runtime certification,command_receipts; domain_events; outbox_events; consumer_receipts
BC-04,Many independent city broadcasts; filter by city/status and return to each accepted job.,product/P07-FREELANCE-BROADCAST-ACCEPTANCE-AND-CHANGES.md,,GetBroadcasts,,QA-BC-04,specified,Not certified by this specification revision,,Retained requirement; review alongside governing contract,Written requirement plus linked journey where applicable; no runtime certification,
BC-05,"Stop, expand, no acceptance, restart or raise fare under operator control; preserve selected scope/version.",product/P07-FREELANCE-BROADCAST-ACCEPTANCE-AND-CHANGES.md,StopBroadcast; RestartBroadcast,,broadcasts,QA-BC-05;QA-V21-EVENT-STATE,specified,Not certified by this specification revision,,V2.1 recovered-detail or defect case linked,Written requirement plus linked journey where applicable; no runtime certification,command_receipts; domain_events; outbox_events; consumer_receipts
BC-06,"Eligible open freelancers only; vehicle/load/city/availability checks; one acceptance winner, stale/race-loss/decline handling.",product/P07-FREELANCE-BROADCAST-ACCEPTANCE-AND-CHANGES.md,RespondOffer,,offers,QA-BC-06,specified,Not certified by this specification revision,,Retained requirement; review alongside governing contract,Written requirement plus linked journey where applicable; no runtime certification,command_receipts; domain_events; outbox_events; consumer_receipts
BC-07,"Before acceptance show approximate supply, aggregate/cluster at low zoom, no other merchant routes or exact GPS.",product/P07-FREELANCE-BROADCAST-ACCEPTANCE-AND-CHANGES.md,,GetNetworkSupply,,QA-BC-07,specified,Not certified by this specification revision,,Retained requirement; review alongside governing contract,Written requirement plus linked journey where applicable; no runtime certification,
BC-08,"After acceptance show assigned freelancer, relevant job tracking, direct contact, arrival at pickup and pickup issues.",product/P09-MESSAGES-CALLS-AND-NOTIFICATIONS.md,OpenConversation; ConfirmArrival,,conversations; stops,QA-BC-08,specified,Not certified by this specification revision,,Retained requirement; review alongside governing contract,Written requirement plus linked journey where applicable; no runtime certification,command_receipts; domain_events; outbox_events; consumer_receipts
BC-09,"Itemized verified pickup changes custody; subsequent arrivals, handoff/POD, failed attempts, retry and completion.",product/P05-EXECUTION-CUSTODY-PROOF-AND-EXCEPTIONS.md,ConfirmPickup; CompleteDelivery,,delivery_attempts; manifests,QA-BC-09;QA-V21-REVISION-OWNER,specified,Not certified by this specification revision,,V2.1 recovered-detail or defect case linked,Written requirement plus linked journey where applicable; no runtime certification,command_receipts; domain_events; outbox_events; consumer_receipts
BC-10,"Freelancer return proposal/consent, return arrival, received quantities and receipt evidence.",product/P07-FREELANCE-BROADCAST-ACCEPTANCE-AND-CHANGES.md,ProposeChange; ReceiveReturn,,return_tasks; rounds,QA-BC-10,specified,Not certified by this specification revision,,Retained requirement; review alongside governing contract,Written requirement plus linked journey where applicable; no runtime certification,command_receipts; domain_events; outbox_events; consumer_receipts
BC-11,"Before-pickup change proposal: add/remove/reorder stops, window/fare changes, reason, response deadline and history.",product/P07-FREELANCE-BROADCAST-ACCEPTANCE-AND-CHANGES.md,ProposeChange,,rounds,QA-BC-11;QA-SYSTEM-AGREEMENT-REVISION,specified,Not certified by this specification revision,,Retained requirement; review alongside governing contract,Written requirement plus linked journey where applicable; no runtime certification,command_receipts; domain_events; outbox_events; consumer_receipts
BC-12,"Decline, withdrawal, expiry, changed sources, wrong actor and repeated response cannot partially overwrite accepted work.",product/P07-FREELANCE-BROADCAST-ACCEPTANCE-AND-CHANGES.md,RespondChange,,change_proposals,QA-BC-12,specified,Not certified by this specification revision,,Retained requirement; review alongside governing contract,Written requirement plus linked journey where applicable; no runtime certification,command_receipts; domain_events; outbox_events; consumer_receipts
BC-13,"Post-pickup additions, removals, destination changes, transfer and driver unable to continue.",product/P07-FREELANCE-BROADCAST-ACCEPTANCE-AND-CHANGES.md,CancelAgreement; InitiateTransfer,,freelance_agreements; manifests,QA-BC-13,specified,Not certified by this specification revision,,Retained requirement; review alongside governing contract,Written requirement plus linked journey where applicable; no runtime certification,command_receipts; domain_events; outbox_events; consumer_receipts
BC-14,"Reputation-based ordering, richer preferred-driver ranking and on-route opportunity matching.",product/P07-FREELANCE-BROADCAST-ACCEPTANCE-AND-CHANGES.md,,Deferred,,QA-BC-14,deferred,Not certified by this specification revision,,Retained requirement; review alongside governing contract,Written requirement plus linked journey where applicable; no runtime certification,
BC-15,"Fares, settlement trigger, earnings, adjustments, dispute records and payout reconciliation.",product/P15-COMMERCIAL-LEDGER-AND-DEFERRED-SCOPE.md,DecideDispute; RecordSettlement,,issues; settlement_records,QA-BC-15,specified,Not certified by this specification revision,,Retained requirement; review alongside governing contract,Written requirement plus linked journey where applicable; no runtime certification,command_receipts; domain_events; outbox_events; consumer_receipts
IC-01,"National map of configured cities/hubs, active transport connections, selected trip and city drill-down.",product/P08-INTERCITY-TRANSPORT-AND-HANDOFFS.md,,GetTrips,,QA-IC-01,specified,Not certified by this specification revision,,Retained requirement; review alongside governing contract,Written requirement plus linked journey where applicable; no runtime certification,
IC-02,"Drivers/vehicles anchored geographically between cities during zoom/pan; progress, ETA and time remaining.",product/P08-INTERCITY-TRANSPORT-AND-HANDOFFS.md,,UI,,QA-IC-02,specified,Not certified by this specification revision,,V2.1 recovered-detail or defect case linked,Written requirement plus linked journey where applicable; no runtime certification,
IC-03,"Create/edit transport trip: origin/destination, departure/arrival, driver/vehicle, capacity, receiving contact and transfer point.",product/P08-INTERCITY-TRANSPORT-AND-HANDOFFS.md,SaveTrip; ScheduleTrip,,transport_trips,QA-IC-03,specified,Not certified by this specification revision,,Retained requirement; review alongside governing contract,Written requirement plus linked journey where applicable; no runtime certification,command_receipts; domain_events; outbox_events; consumer_receipts
IC-04,Unbooked intercity orders and physical manifest; compatible city/date/route/capacity selection.,product/P08-INTERCITY-TRANSPORT-AND-HANDOFFS.md,BookTrip,,transport_trips,QA-IC-04;QA-V21-BOOKING-MANIFEST,specified,Not certified by this specification revision,,Retained requirement; review alongside governing contract,Written requirement plus linked journey where applicable; no runtime certification,command_receipts; domain_events; outbox_events; consumer_receipts
IC-05,"Departure, in-transit/arrival, destination receipt, discrepancy/hold, local assignment and final doorstep proof.",product/P08-INTERCITY-TRANSPORT-AND-HANDOFFS.md,ReceiveTrip; StagePlan,,plans; trip_bookings,QA-IC-05;QA-SYSTEM-RECEIPT-INCREMENTS;QA-SYSTEM-PREARRIVAL;QA-V21-RECEIPT-INDEPENDENCE,specified,Not certified by this specification revision,Required interaction follow-through,V2.1 recovered-detail or defect case linked,Written requirement plus linked journey where applicable; no runtime certification,command_receipts; domain_events; outbox_events; consumer_receipts
IC-06,Separate linehaul driver and destination/local driver conversations and responsibility.,product/P09-MESSAGES-CALLS-AND-NOTIFICATIONS.md,OpenConversation,,conversations,QA-IC-06,specified,Not certified by this specification revision,,Retained requirement; review alongside governing contract,Written requirement plus linked journey where applicable; no runtime certification,command_receipts; domain_events; outbox_events; consumer_receipts
IC-07,"Trip activity, parcel counts, custody and destination History/investigation.",product/P08-INTERCITY-TRANSPORT-AND-HANDOFFS.md,,GetHistory,,QA-IC-07,specified,Not certified by this specification revision,,Retained requirement; review alongside governing contract,Written requirement plus linked journey where applicable; no runtime certification,
IC-08,Local city work remains independent; explicit handoffs entry and return preserve context.,product/P08-INTERCITY-TRANSPORT-AND-HANDOFFS.md,,UI,,QA-IC-08,specified,Not certified by this specification revision,,Retained requirement; review alongside governing contract,Written requirement plus linked journey where applicable; no runtime certification,
IC-09,City-specific cutoff/service windows and next-day transport/last-mile promises.,product/P03-DELIVERY-SLOTS-AND-OPERATING-CALENDARS.md,MoveDeliveryWindow,,deliveries,QA-IC-09,specified,Not certified by this specification revision,,Retained requirement; review alongside governing contract,Written requirement plus linked journey where applicable; no runtime certification,command_receipts; domain_events; outbox_events; consumer_receipts
IC-10,"Cold holding at arrival, cooling hardware, sensor alerts and national cold-chain operation.",product/P08-INTERCITY-TRANSPORT-AND-HANDOFFS.md,,Deferred,,QA-IC-10,deferred,Not certified by this specification revision,,Retained requirement; review alongside governing contract,Written requirement plus linked journey where applicable; no runtime certification,
IC-11,"Other-country networks such as Vietnam/China, currency/timezone/address/provider differences.",product/P01-PRODUCT-TENANCY-AND-AUTHORITY.md,SaveCity,,cities,QA-IC-11,specified,Not certified by this specification revision,,Retained requirement; review alongside governing contract,Written requirement plus linked journey where applicable; no runtime certification,command_receipts; domain_events; outbox_events; consumer_receipts
MP-01,"Mapbox Operations basemap, Satellite and 3D site inspection where appropriate.",product/P10-MAPS-NAVIGATION-AND-LOCATION-KNOWLEDGE.md,,UI,,QA-MP-01,specified,Not certified by this specification revision,,V2.1 recovered-detail or defect case linked,Written requirement plus linked journey where applicable; no runtime certification,
MP-02,"Driver/vehicle markers, delivery pins and stop numbers, routes, selected driver/Round focus and full-extent fit.",product/P10-MAPS-NAVIGATION-AND-LOCATION-KNOWLEDGE.md,,UI,,QA-MP-02,specified,Not certified by this specification revision,,Retained requirement; review alongside governing contract,Written requirement plus linked journey where applicable; no runtime certification,
MP-03,"Zoom, bearing/tilt, map focus/return, layers and style switch while retaining operational context.",product/P10-MAPS-NAVIGATION-AND-LOCATION-KNOWLEDGE.md,,UI,,QA-MP-03,specified,Not certified by this specification revision,,Retained requirement; review alongside governing contract,Written requirement plus linked journey where applicable; no runtime certification,
MP-04,Traffic layer with loading/error/retry and separate provenance from ETA calculation.,product/P10-MAPS-NAVIGATION-AND-LOCATION-KNOWLEDGE.md,,GetRouteEstimate,,QA-MP-04,specified,Not certified by this specification revision,,Retained requirement; review alongside governing contract,Written requirement plus linked journey where applicable; no runtime certification,
MP-05,Rain visibility and route exposure when operationally relevant.,product/P10-MAPS-NAVIGATION-AND-LOCATION-KNOWLEDGE.md,,UI,,QA-MP-05;QA-V21-WEATHER-DOUBLECOUNT,specified,Not certified by this specification revision,,Retained requirement; review alongside governing contract,Written requirement plus linked journey where applicable; no runtime certification,
MP-06,"Planned route, active navigation leg and measured actual trail are distinct data.",product/P10-MAPS-NAVIGATION-AND-LOCATION-KNOWLEDGE.md,,GetRouteEstimate,,QA-MP-06,specified,Not certified by this specification revision,,V2.1 recovered-detail or defect case linked,Written requirement plus linked journey where applicable; no runtime certification,
MP-07,"Loading, invalid key/unavailable map, stale location and reconnect retain usable delivery list and honest status.",product/P10-MAPS-NAVIGATION-AND-LOCATION-KNOWLEDGE.md,,UI,,QA-MP-07;QA-SYSTEM-LOAD;QA-V21-GPS-WINDOW;QA-V21-REALTIME-IDENTITY,specified,Not certified by this specification revision,,Retained requirement; review alongside governing contract,Written requirement plus linked journey where applicable; no runtime certification,
MP-08,Vehicle-appropriate routing for bikes/cars/vans/tuk-tuks and country-specific restrictions.,product/P10-MAPS-NAVIGATION-AND-LOCATION-KNOWLEDGE.md,CreateNavigationIntent,,stops,QA-MP-08,specified,Not certified by this specification revision,,Retained requirement; review alongside governing contract,Written requirement plus linked journey where applicable; no runtime certification,command_receipts; domain_events; outbox_events; consumer_receipts
CM-01,Map driver click/tap opens contextual actions; message/call/Open Round/center when relationship permits.,product/P09-MESSAGES-CALLS-AND-NOTIFICATIONS.md,OpenConversation,,conversations,QA-CM-01,specified,Not certified by this specification revision,,V2.1 recovered-detail or defect case linked,Written requirement plus linked journey where applicable; no runtime certification,command_receipts; domain_events; outbox_events; consumer_receipts
CM-02,"Persistent session conversations with context/unread state, header secondary access and return to the map/job.",product/P09-MESSAGES-CALLS-AND-NOTIFICATIONS.md,OpenConversation,,conversations,QA-CM-02;QA-V21-INBOX-PRINCIPAL;QA-V21-CHAT-FOCUS,specified,Not certified by this specification revision,,Retained requirement; review alongside governing contract,Written requirement plus linked journey where applicable; no runtime certification,command_receipts; domain_events; outbox_events; consumer_receipts
CM-03,"Text, URLs, staged files/images, shared location and attachment handling; retain unsent drafts.",product/P09-MESSAGES-CALLS-AND-NOTIFICATIONS.md,SendMessage,,conversations,QA-CM-03,specified,Not certified by this specification revision,,Retained requirement; review alongside governing contract,Written requirement plus linked journey where applicable; no runtime certification,command_receipts; domain_events; outbox_events; consumer_receipts
CM-04,"Voice notes, call lifecycle, incoming call attention and shared contact ledger.",product/P09-MESSAGES-CALLS-AND-NOTIFICATIONS.md,StartCall; RespondCall,,call_sessions; conversations,QA-CM-04,specified,Not certified by this specification revision,Required interaction follow-through,V2.1 recovered-detail or defect case linked,Written requirement plus linked journey where applicable; no runtime certification,command_receipts; domain_events; outbox_events; consumer_receipts
CM-05,Message/call/file history separate from operational status events; exact delivery reference where supplied.,product/P09-MESSAGES-CALLS-AND-NOTIFICATIONS.md,,GetConversation,,QA-CM-05,specified,Not certified by this specification revision,,Retained requirement; review alongside governing contract,Written requirement plus linked journey where applicable; no runtime certification,
CM-06,Delivery context fixed for unsent draft and captured at call start; stale relationship blocks incorrect send.,product/P09-MESSAGES-CALLS-AND-NOTIFICATIONS.md,SendMessage,,conversations,QA-CM-06,specified,Not certified by this specification revision,,Retained requirement; review alongside governing contract,Written requirement plus linked journey where applicable; no runtime certification,command_receipts; domain_events; outbox_events; consumer_receipts
CM-07,Buyer/sender and recipient tracking views; configurable event/channel routing and Surprise Protection.,product/P09-MESSAGES-CALLS-AND-NOTIFICATIONS.md,,ExchangeTrackingToken,,QA-CM-07;QA-SYSTEM-TRACKING-REVOKE,specified,Not certified by this specification revision,,Retained requirement; review alongside governing contract,Written requirement plus linked journey where applicable; no runtime certification,
CM-08,"Scheduled, out-for-delivery, material ETA change, action required, delivered, failed, retry and returned notification policy.",product/P13-SETTINGS-POLICY-AND-ADMINISTRATION.md,SavePolicy,,policy_bindings,QA-CM-08;QA-V21-NOTIFICATION-RETRY,specified,Not certified by this specification revision,,Retained requirement; review alongside governing contract,Written requirement plus linked journey where applicable; no runtime certification,command_receipts; domain_events; outbox_events; consumer_receipts
CM-09,"Queued, uploading, sent, delivered, failed, retrying and disconnected states reflect actual evidence.",product/P09-MESSAGES-CALLS-AND-NOTIFICATIONS.md,SendMessage,,conversations,QA-CM-09,specified,Not certified by this specification revision,,Retained requirement; review alongside governing contract,Written requirement plus linked journey where applicable; no runtime certification,command_receipts; domain_events; outbox_events; consumer_receipts
CM-10,"Notification failure never rolls back a delivery, accepted job, custody or POD.",product/P05-EXECUTION-CUSTODY-PROOF-AND-EXCEPTIONS.md,CompleteDelivery,,delivery_attempts,QA-CM-10;QA-SYSTEM-WORKER-CRASH,specified,Not certified by this specification revision,,Retained requirement; review alongside governing contract,Written requirement plus linked journey where applicable; no runtime certification,command_receipts; domain_events; outbox_events; consumer_receipts
HI-01,Overview / Deliveries / Drivers / Incidents; period/search/filter selection across fulfillment sources.,product/P11-HISTORY-INVESTIGATION-AND-EXPORTS.md,,GetHistory,,QA-HI-01,specified,Not certified by this specification revision,,Retained requirement; review alongside governing contract,Written requirement plus linked journey where applicable; no runtime certification,
HI-02,"Volume, on-time, exceptions, cost and evidence/compliance summaries with explicit denominators and missing data.",product/P11-HISTORY-INVESTIGATION-AND-EXPORTS.md,,GetHistory,,QA-HI-02,specified,Not certified by this specification revision,,Retained requirement; review alongside governing contract,Written requirement plus linked journey where applicable; no runtime certification,
HI-03,"Delivery promise/actual, source, driver, item quantities, attempts, POD, return and resolution record.",product/P11-HISTORY-INVESTIGATION-AND-EXPORTS.md,,GetDelivery,,QA-HI-03,specified,Not certified by this specification revision,,Retained requirement; review alongside governing contract,Written requirement plus linked journey where applicable; no runtime certification,
HI-04,"Photo/signature, received-by, handoff/authorization notes, missing proof and evidence download.",product/P11-HISTORY-INVESTIGATION-AND-EXPORTS.md,,GetAssetAccess,,QA-HI-04;QA-SYSTEM-RESTORE,specified,Not certified by this specification revision,,Retained requirement; review alongside governing contract,Written requirement plus linked journey where applicable; no runtime certification,
HI-05,"Incident cause, impact, reviewer note and driver-performance treatment; non-driver causes do not automatically penalize driver.",product/P11-HISTORY-INVESTIGATION-AND-EXPORTS.md,CorrectIncidentCause,,issues,QA-HI-05,specified,Not certified by this specification revision,,Retained requirement; review alongside governing contract,Written requirement plus linked journey where applicable; no runtime certification,command_receipts; domain_events; outbox_events; consumer_receipts
HI-06,Freelancer availability/offline status is not negative performance evidence outside accepted commitments.,product/P11-HISTORY-INVESTIGATION-AND-EXPORTS.md,,GetHistory,,QA-HI-06,specified,Not certified by this specification revision,,Retained requirement; review alongside governing contract,Written requirement plus linked journey where applicable; no runtime certification,
HI-07,"Investigation summary separates assignment, recorded custody and next action; Activity / Proof & items / Communication / Address & source.",product/P11-HISTORY-INVESTIGATION-AND-EXPORTS.md,,GetHistory,,QA-HI-07,specified,Not certified by this specification revision,,Retained requirement; review alongside governing contract,Written requirement plus linked journey where applicable; no runtime certification,
HI-08,Linked communications only with exact delivery context; related full conversation separately accessible.,product/P11-HISTORY-INVESTIGATION-AND-EXPORTS.md,,GetConversation,,QA-HI-08,specified,Not certified by this specification revision,,Retained requirement; review alongside governing contract,Written requirement plus linked journey where applicable; no runtime certification,
HI-09,Activity CSV download and individual proof image access.,product/P11-HISTORY-INVESTIGATION-AND-EXPORTS.md,RequestExport,,export_jobs,QA-HI-09,specified,Not certified by this specification revision,,Retained requirement; review alongside governing contract,Written requirement plus linked journey where applicable; no runtime certification,command_receipts; domain_events; outbox_events; consumer_receipts
HI-10,Historical lookup does not borrow current source/custody from a reused order number.,product/P11-HISTORY-INVESTIGATION-AND-EXPORTS.md,,GetHistory,,QA-HI-10,specified,Not certified by this specification revision,,Retained requirement; review alongside governing contract,Written requirement plus linked journey where applicable; no runtime certification,
ST-01,"Operating posture and own-fleet assistance settings, service/wait timing, delivery/vehicle rules and protected decisions.",product/P13-SETTINGS-POLICY-AND-ADMINISTRATION.md,SavePolicy,,policy_bindings,QA-ST-01,specified,Not certified by this specification revision,,Retained requirement; review alongside governing contract,Written requirement plus linked journey where applicable; no runtime certification,command_receipts; domain_events; outbox_events; consumer_receipts
ST-02,"Named/custom delivery windows, brand/pickup defaults, cargo classes, product-to-vehicle rules and special days.",product/P03-DELIVERY-SLOTS-AND-OPERATING-CALENDARS.md,SaveSlotTemplate; SetSlotOverride,,slot_overrides; slot_templates,QA-ST-02;QA-SYSTEM-HOLD-MOVE;QA-SYSTEM-REVISION-CAP,specified,Not certified by this specification revision,,Retained requirement; review alongside governing contract,Written requirement plus linked journey where applicable; no runtime certification,command_receipts; domain_events; outbox_events; consumer_receipts
ST-03,"Freelancer broadcasts enabled state, expanding search configuration, privacy and accepted-work boundaries.",product/P13-SETTINGS-POLICY-AND-ADMINISTRATION.md,SavePolicy,,policy_bindings,QA-ST-03,specified,Not certified by this specification revision,,Retained requirement; review alongside governing contract,Written requirement plus linked journey where applicable; no runtime certification,command_receipts; domain_events; outbox_events; consumer_receipts
ST-04,Boards/features: local cities independent of Intercity; temperature stays deferred.,product/P13-SETTINGS-POLICY-AND-ADMINISTRATION.md,SetFeature,,tenants,QA-ST-04,specified,Not certified by this specification revision,,Retained requirement; review alongside governing contract,Written requirement plus linked journey where applicable; no runtime certification,command_receipts; domain_events; outbox_events; consumer_receipts
ST-05,"Separate multi-store WooCommerce/WordPress, Shopify and Custom API source setups with city/pickup defaults.",product/P12-COMMERCE-TRACKING-AND-CUSTOMER-COMMUNICATION.md,SaveConnection,,source_connections,QA-ST-05,specified,Not certified by this specification revision,,Retained requirement; review alongside governing contract,Written requirement plus linked journey where applicable; no runtime certification,command_receipts; domain_events; outbox_events; consumer_receipts
ST-06,"Independent intake, fulfillment, tracking-reference and exception writeback permissions; optional paid-order hold.",product/P12-COMMERCE-TRACKING-AND-CUSTOMER-COMMUNICATION.md,SaveConnection,,source_connections,QA-ST-06,specified,Not certified by this specification revision,,Retained requirement; review alongside governing contract,Written requirement plus linked journey where applicable; no runtime certification,command_receipts; domain_events; outbox_events; consumer_receipts
ST-07,"Preview missing windows, city mismatch, repeated/older events, dispatched-order edits and failed writeback.",product/P12-COMMERCE-TRACKING-AND-CUSTOMER-COMMUNICATION.md,ReviewSourceRevision,,source_events,QA-ST-07,specified,Not certified by this specification revision,,Retained requirement; review alongside governing contract,Written requirement plus linked journey where applicable; no runtime certification,command_receipts; domain_events; outbox_events; consumer_receipts
ST-08,"Real authorization/revocation, source health, last received/sent, webhook intake, reconciliation and idempotent retries.",product/P13-SETTINGS-POLICY-AND-ADMINISTRATION.md,,ReceiveIntegrationEvent,,QA-ST-08;QA-SYSTEM-WORKER-CRASH,specified,Not certified by this specification revision,,Retained requirement; review alongside governing contract,Written requirement plus linked journey where applicable; no runtime certification,
ST-09,Disconnect or pause preserves existing operational records and evidence.,product/P12-COMMERCE-TRACKING-AND-CUSTOMER-COMMUNICATION.md,SetConnectionState,,source_connections,QA-ST-09,specified,Not certified by this specification revision,,Retained requirement; review alongside governing contract,Written requirement plus linked journey where applicable; no runtime certification,command_receipts; domain_events; outbox_events; consumer_receipts
ST-10,"Settings immediate/structured save semantics, invalid input, unsaved drafts, version conflicts and material-change consequences.",product/P13-SETTINGS-POLICY-AND-ADMINISTRATION.md,SavePolicy,,policy_bindings,QA-ST-10;QA-V21-TRACKING-EXPIRY,specified,Not certified by this specification revision,,V2.1 recovered-detail or defect case linked,Written requirement plus linked journey where applicable; no runtime certification,command_receipts; domain_events; outbox_events; consumer_receipts
ST-11,"Authentication, tenant/city roles, audit actors, durable storage, realtime updates, secure media and service credentials.",product/P13-SETTINGS-POLICY-AND-ADMINISTRATION.md,,GetDelivery,,QA-ST-11;QA-SYSTEM-RLS-CROSS-TENANT;QA-SYSTEM-REALTIME-REVOKE;QA-SYSTEM-RESTORE,specified,Not certified by this specification revision,,Retained requirement; review alongside governing contract,Written requirement plus linked journey where applicable; no runtime certification,
ST-12,"Business-local timezone/date, currency, phone/address locale and configured routing coverage.",product/P01-PRODUCT-TENANCY-AND-AUTHORITY.md,SaveCity,,cities,QA-ST-12;QA-SYSTEM-DST,specified,Not certified by this specification revision,,Retained requirement; review alongside governing contract,Written requirement plus linked journey where applicable; no runtime certification,command_receipts; domain_events; outbox_events; consumer_receipts
ST-13,"Server-owned clocks, versioned commands, one-winner acceptance, concurrent operators and offline reconciliation.",product/P07-FREELANCE-BROADCAST-ACCEPTANCE-AND-CHANGES.md,RespondOffer,,offers,QA-ST-13;QA-SYSTEM-LAST-SLOT;QA-SYSTEM-STATE-TYPO;QA-SYSTEM-LOAD;QA-SYSTEM-MIGRATION,specified,Not certified by this specification revision,,Retained requirement; review alongside governing contract,Written requirement plus linked journey where applicable; no runtime certification,command_receipts; domain_events; outbox_events; consumer_receipts
ST-14,"Subscription/entitlement administration, billing and tenant onboarding.",product/P01-PRODUCT-TENANCY-AND-AUTHORITY.md,CreateTenant,,tenants,QA-ST-14,specified,Not certified by this specification revision,,Retained requirement; review alongside governing contract,Written requirement plus linked journey where applicable; no runtime certification,command_receipts; domain_events; outbox_events; consumer_receipts
DR-01,"One localized app; Thai-first in Thailand, English selectable at first run and Profile.",product/P06-DRIVER-IDENTITY-FLEET-AND-WORK-MODES.md,SaveDriverProfile,,drivers,QA-DR-01,specified,Not certified by this specification revision,,Retained requirement; review alongside governing contract,Written requirement plus linked journey where applicable; no runtime certification,command_receipts; domain_events; outbox_events; consumer_receipts
DR-02,"Phone/OTP, team invite or independent path, profile, vehicle, identity/live-face checks, payout setup and verification correction.",product/P06-DRIVER-IDENTITY-FLEET-AND-WORK-MODES.md,SubmitVerification,,verification_applications,QA-DR-02,specified,Not certified by this specification revision,,Retained requirement; review alongside governing contract,Written requirement plus linked journey where applicable; no runtime certification,command_receipts; domain_events; outbox_events; consumer_receipts
DR-03,"Start/end shift, assigned team work, shift ending/overtime, verification pending and freelancer open/not-open home states.",product/P06-DRIVER-IDENTITY-FLEET-AND-WORK-MODES.md,StartShift; SetAvailability,,drivers; shift_occurrences,QA-DR-03,specified,Not certified by this specification revision,,Retained requirement; review alongside governing contract,Written requirement plus linked journey where applicable; no runtime certification,command_receipts; domain_events; outbox_events; consumer_receipts
DR-04,"Single/multi-stop offers, eligibility, scope/fare/deadline, accept/decline, expired offer and race loss.",product/P07-FREELANCE-BROADCAST-ACCEPTANCE-AND-CHANGES.md,RespondOffer,,offers,QA-DR-04,specified,Not certified by this specification revision,,Retained requirement; review alongside governing contract,Written requirement plus linked journey where applicable; no runtime certification,command_receipts; domain_events; outbox_events; consumer_receipts
DR-05,"Pickup navigation, explicit arrival, item checklist, discrepancy hold and custody confirmation.",product/P05-EXECUTION-CUSTODY-PROOF-AND-EXCEPTIONS.md,ConfirmArrival; ConfirmPickup,,manifests; stops,QA-DR-05;QA-SYSTEM-QUERY-CLOSURE;QA-V21-STOP-KINDS;QA-V21-PARTIAL-APPROVAL;QA-V21-FULL-PICKUP;QA-V21-SEALED-PACKAGE,specified,Not certified by this specification revision,,V2.1 recovered-detail or defect case linked,Written requirement plus linked journey where applicable; no runtime certification,command_receipts; domain_events; outbox_events; consumer_receipts
DR-06,"Active Round, current-stop navigation and live changes with acknowledgements/freelancer consent.",product/P07-FREELANCE-BROADCAST-ACCEPTANCE-AND-CHANGES.md,ProposeChange; RespondChange,,change_proposals; rounds,QA-DR-06,specified,Not certified by this specification revision,,Retained requirement; review alongside governing contract,Written requirement plus linked journey where applicable; no runtime certification,command_receipts; domain_events; outbox_events; consumer_receipts
DR-07,"Handoff, adaptive proof/photo/signature and stop/Round completion.",product/P05-EXECUTION-CUSTODY-PROOF-AND-EXCEPTIONS.md,RecordHandoff; SubmitProof; CompleteDelivery,,delivery_attempts; proof_submissions,QA-DR-07;QA-SYSTEM-STALE-PROOF;QA-V21-HANDOFF-RECOVERY,specified,Not certified by this specification revision,Required interaction follow-through,V2.1 recovered-detail or defect case linked,Written requirement plus linked journey where applicable; no runtime certification,command_receipts; domain_events; outbox_events; consumer_receipts
DR-08,"Recipient unavailable, address/entrance issue, parcel problem, cannot complete and emergency.",product/P05-EXECUTION-CUSTODY-PROOF-AND-EXCEPTIONS.md,ReportIssue,,issues,QA-DR-08,specified,Not certified by this specification revision,,Retained requirement; review alongside governing contract,Written requirement plus linked journey where applicable; no runtime certification,command_receipts; domain_events; outbox_events; consumer_receipts
DR-09,"Operations chat/call/contact history, My Rounds, Team Hours/corrections, Network Earnings, Profile and Notifications.",product/P06-DRIVER-IDENTITY-FLEET-AND-WORK-MODES.md,,GetDriverHome,,QA-DR-09,specified,Not certified by this specification revision,,Retained requirement; review alongside governing contract,Written requirement plus linked journey where applicable; no runtime certification,
DR-10,"Contextual permissions, offline/reconnecting, GPS unavailable and background-location boundaries.",product/P05-EXECUTION-CUSTODY-PROOF-AND-EXCEPTIONS.md,ConfirmPickup,,manifests,QA-DR-10;QA-SYSTEM-OFFLINE-ORDER;QA-SYSTEM-STALE-PROOF;QA-SYSTEM-MIGRATION,specified,Not certified by this specification revision,,Retained requirement; review alongside governing contract,Written requirement plus linked journey where applicable; no runtime certification,command_receipts; domain_events; outbox_events; consumer_receipts
DR-11,Embedded navigation intent and motorcycle mode subject to provider/field gate; planned route vs navigation vs actual trail separate.,product/P10-MAPS-NAVIGATION-AND-LOCATION-KNOWLEDGE.md,CreateNavigationIntent,,stops,QA-DR-11;QA-SYSTEM-NATIVE-R0,specified,Not certified by this specification revision,,Retained requirement; review alongside governing contract,Written requirement plus linked journey where applicable; no runtime certification,command_receipts; domain_events; outbox_events; consumer_receipts
DR-12,"Intercity arrival, parcel receipt, receiver/local driver handoff and consent parity with national board.",product/P08-INTERCITY-TRANSPORT-AND-HANDOFFS.md,ReceiveTrip; ConfirmTransferReceipt,,custody_transfers; trip_bookings,QA-DR-12;QA-SYSTEM-RECEIPT-INCREMENTS;QA-SYSTEM-QUERY-CLOSURE;QA-V21-STALE-ARRIVAL,specified,Not certified by this specification revision,Required interaction follow-through,V2.1 recovered-detail or defect case linked,Written requirement plus linked journey where applicable; no runtime certification,command_receipts; domain_events; outbox_events; consumer_receipts
DF-01,"Lalamove/external provider booking, quotes, fare ceilings and provider fallback.",product/P15-COMMERCIAL-LEDGER-AND-DEFERRED-SCOPE.md,,Deferred,,QA-DF-01,deferred,Not certified by this specification revision,,Retained requirement; review alongside governing contract,Written requirement plus linked journey where applicable; no runtime certification,
DF-02,"Temperature sensors on parcels, bike boxes, cars and transport trips; threshold alerts, stale/missing readings and intervention record.",product/P15-COMMERCIAL-LEDGER-AND-DEFERRED-SCOPE.md,,Deferred,,QA-DF-02,deferred,Not certified by this specification revision,,Retained requirement; review alongside governing contract,Written requirement plus linked journey where applicable; no runtime certification,
DF-03,"Cooling boxes, ice packs, hub refrigeration and validated transport duration/holding windows.",product/P15-COMMERCIAL-LEDGER-AND-DEFERRED-SCOPE.md,,Deferred,,QA-DF-03,deferred,Not certified by this specification revision,,Retained requirement; review alongside governing contract,Written requirement plus linked journey where applicable; no runtime certification,
DF-04,Vietnam/China network rollout and other-country service coverage.,product/P15-COMMERCIAL-LEDGER-AND-DEFERRED-SCOPE.md,,Deferred,,QA-DF-04,deferred,Not certified by this specification revision,,Retained requirement; review alongside governing contract,Written requirement plus linked journey where applicable; no runtime certification,
DF-05,Building-level visit grouping and advanced ranking/on-route matching.,product/P15-COMMERCIAL-LEDGER-AND-DEFERRED-SCOPE.md,,Deferred,,QA-DF-05,deferred,Not certified by this specification revision,,Retained requirement; review alongside governing contract,Written requirement plus linked journey where applicable; no runtime certification,
DF-06,"Florist recipes, stock age, purchasing and waste-reduction WordPress plugin.",product/P15-COMMERCIAL-LEDGER-AND-DEFERRED-SCOPE.md,,Deferred,,QA-DF-06,deferred,Not certified by this specification revision,,Retained requirement; review alongside governing contract,Written requirement plus linked journey where applicable; no runtime certification,
